{"name":"8a2dcc95-895d-4341-b332-d5ad448bc958","id":"/providers/Microsoft.Flow/flows/8a2dcc95-895d-4341-b332-d5ad448bc958","type":"Microsoft.Flow/flows","properties":{"apiId":"/providers/Microsoft.PowerApps/apis/shared_logicflows","displayName":"GV1.1 Chép tập tin vào thư mục quản lý chung","definition":{"metadata":{"workflowEntityId":null,"flowclientsuspensionreason":"None","flowclientsuspensiontime":null,"creator":{"id":"1d86b3b3-6b52-4309-bd49-f6e1bd98bebb","type":"User","tenantId":"b4b133de-b15d-4f8d-a087-fb40d3cf2899"},"provisioningMethod":"FromDefinition","failureAlertSubscription":true,"clientLastModifiedTime":"2021-03-04T13:04:11.3168302Z"},"$schema":"https://schema.management.azure.com/providers/Microsoft.Logic/schemas/2016-06-01/workflowdefinition.json#","contentVersion":"1.0.0.0","parameters":{"$connections":{"defaultValue":{},"type":"Object"},"$authentication":{"defaultValue":{},"type":"SecureObject"},"odb.folderPath":{"defaultValue":"","type":"String"},"sharepoint.site":{"defaultValue":"","type":"String"},"sharepoint.folderPath":{"defaultValue":"","type":"String"}},"triggers":{"When_a_file_is_created":{"recurrence":{"frequency":"Minute","interval":5},"metadata":{"b!qkTm54JXmEqUjHkkj34VwAy5fX5Q1n1Jh5M-tOgTVT1YKZGfN6sPSr6B43c2u-OZ.01JHUN3MNGIC4Z25WTDFEIYFZRXX34G5FD":"/Apps/Microsoft Forms/Nộp sản phẩm cuộc thi GV-Bắc Giang","flowSystemMetadata":{"swaggerOperationId":"OnNewFile"},"b!qkTm54JXmEqUjHkkj34VwAy5fX5Q1n1Jh5M-tOgTVT1YKZGfN6sPSr6B43c2u-OZ.01JHUN3MJQ62NPSK6ZXVE3T5H7GSNJSKTA":"/Apps/Microsoft Forms/Nộp sản phẩm cuộc thi GV-Bắc Giang/Question","b!KkRmADM0SkWg2LiuSMeenLo3vxToiU1Eo0yMtx0rJyUjEBHiGXPkRbV2naOJeHx1.01CRQZXKKZIK6NMGMFLBBJ3Q5JJJSMQNFL":"/Apps/Microsoft Forms/Phê duyệt giáo án","b!KkRmADM0SkWg2LiuSMeenLo3vxToiU1Eo0yMtx0rJyUjEBHiGXPkRbV2naOJeHx1.01CRQZXKI7TGJAFLUQNJHZQCHFZ5EZAEML":"/Apps/Microsoft Forms/Phê duyệt giáo án/Question","b!qkTm54JXmEqUjHkkj34VwAy5fX5Q1n1Jh5M-tOgTVT1YKZGfN6sPSr6B43c2u-OZ.01JHUN3MMXZBC3WWYSS5FK3WBS2UMNXO2Z":"/Apps/Microsoft Forms/Phê duyệt giáo án online/Question"},"type":"ApiConnection","inputs":{"host":{"connection":{"name":"@parameters('$connections')['shared_onedriveforbusiness']['connectionId']"},"api":{"runtimeUrl":"https://asia-001.azure-apim.net/apim/onedriveforbusiness"}},"method":"get","path":"/datasets/default/triggers/onnewfile","queries":{"folderId":"b!qkTm54JXmEqUjHkkj34VwAy5fX5Q1n1Jh5M-tOgTVT1YKZGfN6sPSr6B43c2u-OZ.01JHUN3MMXZBC3WWYSS5FK3WBS2UMNXO2Z"},"authentication":"@parameters('$authentication')"},"conditions":[]}},"actions":{"Create_file":{"runAfter":{},"metadata":{"flowSystemMetadata":{"swaggerOperationId":"CreateFile"}},"type":"ApiConnection","inputs":{"host":{"connection":{"name":"@parameters('$connections')['shared_sharepointonline']['connectionId']"},"api":{"runtimeUrl":"https://asia-001.azure-apim.net/apim/sharepointonline"}},"method":"post","body":"@triggerBody()","path":"/datasets/@{encodeURIComponent(encodeURIComponent('https://bacgiang01.sharepoint.com/sites/pheduyetgiaoan'))}/files","queries":{"folderPath":"/Shared Documents/Giáo án cần duyệt","name":"@{decodeBase64(triggerOutputs()['headers']['x-ms-file-name-encoded'])}"},"authentication":"@parameters('$authentication')"}},"Get_items-Tổng_hợp_giáo_án":{"runAfter":{"Initialize_variable":["Succeeded"]},"metadata":{"flowSystemMetadata":{"swaggerOperationId":"GetItems"}},"type":"ApiConnection","inputs":{"host":{"connection":{"name":"@parameters('$connections')['shared_sharepointonline']['connectionId']"},"api":{"runtimeUrl":"https://asia-001.azure-apim.net/apim/sharepointonline"}},"method":"get","path":"/datasets/@{encodeURIComponent(encodeURIComponent('https://bacgiang01.sharepoint.com/sites/pheduyetgiaoan'))}/tables/@{encodeURIComponent(encodeURIComponent('f6f6e6d3-6e40-46c2-9270-939de7fbdec6'))}/items","authentication":"@parameters('$authentication')"}},"Apply_to_each":{"foreach":"@body('Get_items-Tổng_hợp_giáo_án')?['value']","actions":{"Condition_2":{"actions":{"Update_item-Tổng_hợp_giáo_án":{"runAfter":{},"metadata":{"flowSystemMetadata":{"swaggerOperationId":"PatchItem"}},"type":"ApiConnection","inputs":{"host":{"connection":{"name":"@parameters('$connections')['shared_sharepointonline']['connectionId']"},"api":{"runtimeUrl":"https://asia-001.azure-apim.net/apim/sharepointonline"}},"method":"patch","body":{"fileidentifer":"@body('Get_file_properties')?['{Identifier}']","Shareablelink":"@body('Create_sharing_link_for_a_file_or_folder')?['link']?['webUrl']"},"path":"/datasets/@{encodeURIComponent(encodeURIComponent('https://bacgiang01.sharepoint.com/sites/pheduyetgiaoan'))}/tables/@{encodeURIComponent(encodeURIComponent('f6f6e6d3-6e40-46c2-9270-939de7fbdec6'))}/items/@{encodeURIComponent(items('Apply_to_each')?['ID'])}","authentication":"@parameters('$authentication')"}},"Set_variable":{"runAfter":{"Update_item-Tổng_hợp_giáo_án":["Succeeded"]},"type":"SetVariable","inputs":{"name":"getToChuyenMon","value":"@items('Apply_to_each')?['T_x1ed5_chuy_x00ea_nm_x00f4_n']"}}},"runAfter":{},"expression":{"equals":["@items('Apply_to_each')?['Gi_x00e1_o_x00e1_n']","@body('Create_file')?['Name']"]},"type":"If"}},"runAfter":{"Get_items-Tổng_hợp_giáo_án":["Succeeded"]},"type":"Foreach"},"Get_file_properties":{"runAfter":{"Create_file":["Succeeded"]},"metadata":{"flowSystemMetadata":{"swaggerOperationId":"GetFileItem"}},"type":"ApiConnection","inputs":{"host":{"connection":{"name":"@parameters('$connections')['shared_sharepointonline']['connectionId']"},"api":{"runtimeUrl":"https://asia-001.azure-apim.net/apim/sharepointonline"}},"method":"get","path":"/datasets/@{encodeURIComponent(encodeURIComponent('https://bacgiang01.sharepoint.com/sites/pheduyetgiaoan'))}/tables/@{encodeURIComponent(encodeURIComponent('c1343725-7717-4423-b4b1-b9abdde95d7f'))}/items/@{encodeURIComponent(body('Create_file')?['ItemId'])}/getfileitem","authentication":"@parameters('$authentication')"}},"Initialize_variable":{"runAfter":{"Create_sharing_link_for_a_file_or_folder":["Succeeded"]},"type":"InitializeVariable","inputs":{"variables":[{"name":"getToChuyenMon","type":"string"}]}},"Switch":{"runAfter":{"Apply_to_each":["Succeeded"]},"cases":{"Case":{"case":"Toán","actions":{"Get_items-Tổ_Toán":{"runAfter":{},"metadata":{"flowSystemMetadata":{"swaggerOperationId":"GetItems"}},"type":"ApiConnection","inputs":{"host":{"connection":{"name":"@parameters('$connections')['shared_sharepointonline']['connectionId']"},"api":{"runtimeUrl":"https://asia-001.azure-apim.net/apim/sharepointonline"}},"method":"get","path":"/datasets/@{encodeURIComponent(encodeURIComponent('https://bacgiang01.sharepoint.com/sites/pheduyetgiaoan'))}/tables/@{encodeURIComponent(encodeURIComponent('5af5771a-cb08-4fef-a86f-975c00bb2d7e'))}/items","authentication":"@parameters('$authentication')"}},"Apply_to_each_2":{"foreach":"@body('Get_items-Tổ_Toán')?['value']","actions":{"Condition":{"actions":{"Update_item":{"runAfter":{},"metadata":{"flowSystemMetadata":{"swaggerOperationId":"PatchItem"}},"type":"ApiConnection","inputs":{"host":{"connection":{"name":"@parameters('$connections')['shared_sharepointonline']['connectionId']"},"api":{"runtimeUrl":"https://asia-001.azure-apim.net/apim/sharepointonline"}},"method":"patch","body":{"fileidentifer":"@body('Get_file_properties')?['{Identifier}']","Shareablelink":"@body('Create_sharing_link_for_a_file_or_folder')?['link']?['webUrl']"},"path":"/datasets/@{encodeURIComponent(encodeURIComponent('https://bacgiang01.sharepoint.com/sites/pheduyetgiaoan'))}/tables/@{encodeURIComponent(encodeURIComponent('5af5771a-cb08-4fef-a86f-975c00bb2d7e'))}/items/@{encodeURIComponent(items('Apply_to_each_2')?['ID'])}","authentication":"@parameters('$authentication')"}}},"runAfter":{},"expression":{"equals":["@items('Apply_to_each_2')?['Gi_x00e1_o_x00e1_n']","@body('Create_file')?['Name']"]},"type":"If"}},"runAfter":{"Get_items-Tổ_Toán":["Succeeded"]},"type":"Foreach"}}},"Case_2":{"case":"Văn","actions":{"Get_items_-_Tổ_Văn":{"runAfter":{},"metadata":{"flowSystemMetadata":{"swaggerOperationId":"GetItems"}},"type":"ApiConnection","inputs":{"host":{"connection":{"name":"@parameters('$connections')['shared_sharepointonline']['connectionId']"},"api":{"runtimeUrl":"https://asia-001.azure-apim.net/apim/sharepointonline"}},"method":"get","path":"/datasets/@{encodeURIComponent(encodeURIComponent('https://bacgiang01.sharepoint.com/sites/pheduyetgiaoan'))}/tables/@{encodeURIComponent(encodeURIComponent('4ba4b346-d717-4bb7-a268-5e043fb572ee'))}/items","authentication":"@parameters('$authentication')"}},"Apply_to_each_3":{"foreach":"@body('Get_items_-_Tổ_Văn')?['value']","actions":{"Condition_3":{"actions":{"Update_item_-_Văn":{"runAfter":{},"metadata":{"flowSystemMetadata":{"swaggerOperationId":"PatchItem"}},"type":"ApiConnection","inputs":{"host":{"connection":{"name":"@parameters('$connections')['shared_sharepointonline']['connectionId']"},"api":{"runtimeUrl":"https://asia-001.azure-apim.net/apim/sharepointonline"}},"method":"patch","body":{"fileidentifer":"@body('Get_file_properties')?['{Identifier}']","Shareablelink":"@body('Create_sharing_link_for_a_file_or_folder')?['link']?['webUrl']"},"path":"/datasets/@{encodeURIComponent(encodeURIComponent('https://bacgiang01.sharepoint.com/sites/pheduyetgiaoan'))}/tables/@{encodeURIComponent(encodeURIComponent('4ba4b346-d717-4bb7-a268-5e043fb572ee'))}/items/@{encodeURIComponent(items('Apply_to_each_3')?['ID'])}","authentication":"@parameters('$authentication')"}}},"runAfter":{},"expression":{"equals":["@items('Apply_to_each_3')?['Gi_x00e1_o_x00e1_n']","@body('Create_file')?['Name']"]},"type":"If"}},"runAfter":{"Get_items_-_Tổ_Văn":["Succeeded"]},"type":"Foreach"}}}},"default":{"actions":{}},"expression":"@variables('getToChuyenMon')","type":"Switch"},"Create_sharing_link_for_a_file_or_folder":{"runAfter":{"Get_file_properties":["Succeeded"]},"metadata":{"flowSystemMetadata":{"swaggerOperationId":"CreateSharingLink"}},"type":"ApiConnection","inputs":{"host":{"connection":{"name":"@parameters('$connections')['shared_sharepointonline']['connectionId']"},"api":{"runtimeUrl":"https://asia-001.azure-apim.net/apim/sharepointonline"}},"method":"post","body":{"type":"edit","scope":"organization"},"path":"/datasets/@{encodeURIComponent(encodeURIComponent('https://bacgiang01.sharepoint.com/sites/pheduyetgiaoan'))}/codeless/_api/v2.0/sites/root/lists/@{encodeURIComponent(encodeURIComponent('c1343725-7717-4423-b4b1-b9abdde95d7f'))}/items/@{encodeURIComponent(encodeURIComponent(body('Get_file_properties')?['ID']))}/driveItem/createLink","authentication":"@parameters('$authentication')"}}}},"connectionReferences":{"shared_sharepointonline":{"connectionName":"shared-sharepointonl-0b0d48db-cd5f-4036-a44f-f0dc7165893f","source":"Embedded","id":"/providers/Microsoft.PowerApps/apis/shared_sharepointonline","tier":"NotSpecified"},"shared_onedriveforbusiness":{"connectionName":"shared-onedriveforbu-edb7896e-04bb-494e-a06d-f732b875ad8a","source":"Embedded","id":"/providers/Microsoft.PowerApps/apis/shared_onedriveforbusiness","tier":"NotSpecified"}},"flowFailureAlertSubscribed":false}}