{"name":"13558565-284a-4f84-b4f2-1ae5129cbe2a","id":"/providers/Microsoft.Flow/flows/13558565-284a-4f84-b4f2-1ae5129cbe2a","type":"Microsoft.Flow/flows","properties":{"apiId":"/providers/Microsoft.PowerApps/apis/shared_logicflows","displayName":"GA1. Nộp giáo án","definition":{"metadata":{"workflowEntityId":null,"flowclientsuspensionreason":"None","flowclientsuspensiontime":null,"creator":{"id":"1d86b3b3-6b52-4309-bd49-f6e1bd98bebb","type":"User","tenantId":"b4b133de-b15d-4f8d-a087-fb40d3cf2899"},"provisioningMethod":"FromDefinition","failureAlertSubscription":true,"clientLastModifiedTime":"2021-03-04T08:56:05.8170641Z"},"$schema":"https://schema.management.azure.com/providers/Microsoft.Logic/schemas/2016-06-01/workflowdefinition.json#","contentVersion":"1.0.0.0","parameters":{"$connections":{"defaultValue":{},"type":"Object"},"$authentication":{"defaultValue":{},"type":"SecureObject"}},"triggers":{"When_a_new_response_is_submitted":{"splitOn":"@triggerOutputs()?['body/value']","type":"OpenApiConnectionWebhook","inputs":{"host":{"apiId":"/providers/Microsoft.PowerApps/apis/shared_microsoftforms","connectionName":"shared_microsoftforms","operationId":"CreateFormWebhook"},"parameters":{"form_id":"3jOxtF2xjU-gh_tA088ombOzhh1SawlDvUn24b2YvrtUN1BQSUpUMExYVkRNVFczMFI4WEpNVllYQy4u"},"authentication":"@parameters('$authentication')"}}},"actions":{"Get_response_details":{"runAfter":{},"type":"OpenApiConnection","inputs":{"host":{"apiId":"/providers/Microsoft.PowerApps/apis/shared_microsoftforms","connectionName":"shared_microsoftforms","operationId":"GetFormResponseById"},"parameters":{"form_id":"3jOxtF2xjU-gh_tA088ombOzhh1SawlDvUn24b2YvrtUN1BQSUpUMExYVkRNVFczMFI4WEpNVllYQy4u","response_id":"@triggerOutputs()?['body/resourceData/responseId']"},"authentication":"@parameters('$authentication')"}},"Get_user_profile_(V2)":{"runAfter":{"Parse_JSON":["Succeeded"]},"type":"OpenApiConnection","inputs":{"host":{"apiId":"/providers/Microsoft.PowerApps/apis/shared_office365users","connectionName":"shared_office365users","operationId":"UserProfile_V2"},"parameters":{"id":"@outputs('Get_response_details')?['body/responder']"},"authentication":"@parameters('$authentication')"}},"Parse_JSON":{"runAfter":{"Get_response_details":["Succeeded"]},"type":"ParseJson","inputs":{"content":"@outputs('Get_response_details')?['body/rc16fa55b4b7645b1a99e2f9d3a3cd15b']","schema":{"type":"array","items":{"type":"object","properties":{"name":{"type":"string"},"link":{"type":"string"},"id":{"type":"string"},"type":{},"size":{"type":"integer"},"referenceId":{"type":"string"},"driveId":{"type":"string"},"status":{"type":"integer"},"uploadSessionUrl":{}},"required":["name","link","id","type","size","referenceId","driveId","status","uploadSessionUrl"]}}}},"Apply_to_each":{"foreach":"@body('Parse_JSON')","actions":{"Create_item-Tổng_hợp_giáo_án":{"runAfter":{},"type":"OpenApiConnection","inputs":{"host":{"apiId":"/providers/Microsoft.PowerApps/apis/shared_sharepointonline","connectionName":"shared_sharepointonline","operationId":"PostItem"},"parameters":{"dataset":"https://bacgiang01.sharepoint.com/sites/pheduyetgiaoan","table":"f6f6e6d3-6e40-46c2-9270-939de7fbdec6","item/L_x1edb_p":"@outputs('Get_response_details')?['body/raa930201c4d1438e87cd7d8b59fd3376']","item/Gi_x00e1_o_x00e1_n":"@items('Apply_to_each')['name']","item/T_x1ed5_chuy_x00ea_nm_x00f4_n":"@outputs('Get_response_details')?['body/rc2fe822ca62f44b9a9b3492a4c240dbd']","item/Ng_x01b0__x1edd_in_x1ed9_p":"@outputs('Get_user_profile_(V2)')?['body/mail']","item/Ng_x00e0_yn_x1ed9_pgi_x00e1_o_x0":"@outputs('Get_response_details')?['body/submitDate']"},"authentication":"@parameters('$authentication')"}},"Switch":{"runAfter":{"Create_item-Tổng_hợp_giáo_án":["Succeeded"]},"cases":{"Case":{"case":"Toán","actions":{"Create_item-Toán":{"runAfter":{},"type":"OpenApiConnection","inputs":{"host":{"apiId":"/providers/Microsoft.PowerApps/apis/shared_sharepointonline","connectionName":"shared_sharepointonline","operationId":"PostItem"},"parameters":{"dataset":"https://bacgiang01.sharepoint.com/sites/pheduyetgiaoan","table":"5af5771a-cb08-4fef-a86f-975c00bb2d7e","item/L_x1edb_p":"@outputs('Get_response_details')?['body/raa930201c4d1438e87cd7d8b59fd3376']","item/Gi_x00e1_o_x00e1_n":"@items('Apply_to_each')['name']","item/Ng_x01b0__x1edd_in_x1ed9_p":"@outputs('Get_user_profile_(V2)')?['body/mail']","item/Ng_x00e0_yn_x1ed9_pgi_x00e1_o_x0":"@outputs('Get_response_details')?['body/submitDate']"},"authentication":"@parameters('$authentication')"}}}},"Case_2":{"case":"Văn","actions":{"Create_item-Văn":{"runAfter":{},"type":"OpenApiConnection","inputs":{"host":{"apiId":"/providers/Microsoft.PowerApps/apis/shared_sharepointonline","connectionName":"shared_sharepointonline","operationId":"PostItem"},"parameters":{"dataset":"https://bacgiang01.sharepoint.com/sites/pheduyetgiaoan","table":"4ba4b346-d717-4bb7-a268-5e043fb572ee","item/L_x1edb_p":"@outputs('Get_response_details')?['body/raa930201c4d1438e87cd7d8b59fd3376']","item/Gi_x00e1_o_x00e1_n":"@items('Apply_to_each')['name']","item/Ng_x01b0__x1edd_in_x1ed9_pgi_x00":"@outputs('Get_user_profile_(V2)')?['body/mail']","item/Ng_x00e0_yn_x1ed9_pgi_x00e1_o_x0":"@outputs('Get_response_details')?['body/submitDate']"},"authentication":"@parameters('$authentication')"}}}}},"default":{"actions":{}},"expression":"@outputs('Get_response_details')?['body/rc2fe822ca62f44b9a9b3492a4c240dbd']","type":"Switch"}},"runAfter":{"Get_user_profile_(V2)":["Succeeded"]},"type":"Foreach"},"Send_an_email_(V2)_to_GV":{"runAfter":{"Apply_to_each":["Succeeded"]},"type":"OpenApiConnection","inputs":{"host":{"apiId":"/providers/Microsoft.PowerApps/apis/shared_office365","connectionName":"shared_office365","operationId":"SendEmailV2"},"parameters":{"emailMessage/To":"@outputs('Get_user_profile_(V2)')?['body/mail']","emailMessage/Subject":"Đã nhận giáo án","emailMessage/Body":"<p>Cám ơn thầy/cô @{outputs('Get_user_profile_(V2)')?['body/displayName']},<br>\nĐã nộp giáo án. TCM sẽ đánh giá và phản hồi sau.<br>\n<br>\nThanks,<br>\nBTC</p>","emailMessage/Importance":"Normal"},"authentication":"@parameters('$authentication')"}},"Post_a_message_as_the_Flow_bot_to_a_channel":{"runAfter":{"Apply_to_each":["Succeeded"]},"type":"OpenApiConnection","inputs":{"host":{"apiId":"/providers/Microsoft.PowerApps/apis/shared_teams","connectionName":"shared_teams","operationId":"PostChannelNotification"},"parameters":{"groupId":"221a0161-648d-4c31-982e-0146f10fb182","PostNotificationRequest/recipient/channelId":"19:121d7624a6044ce487b31d6d1916967e@thread.tacv2","PostNotificationRequest/messageBody":"Vui lòng kiểm tra giáo án từ tổ chuyên môn: @{outputs('Get_response_details')?['body/rc2fe822ca62f44b9a9b3492a4c240dbd']}","PostNotificationRequest/messageTitle":"Có giáo án: @{outputs('Get_response_details')?['body/rc16fa55b4b7645b1a99e2f9d3a3cd15b']} đã được nộp!"},"authentication":"@parameters('$authentication')"}}},"outputs":{}},"connectionReferences":{"shared_microsoftforms":{"connectionName":"shared-microsoftform-f0aa19ea-9591-4551-9c71-9e55-16bcef0f","source":"Embedded","id":"/providers/Microsoft.PowerApps/apis/shared_microsoftforms","tier":"NotSpecified"},"shared_office365users":{"connectionName":"shared-office365user-5316e6e7-2d1d-4e12-adce-0929366ffedb","source":"Embedded","id":"/providers/Microsoft.PowerApps/apis/shared_office365users","tier":"NotSpecified"},"shared_sharepointonline":{"connectionName":"shared-sharepointonl-0b0d48db-cd5f-4036-a44f-f0dc7165893f","source":"Embedded","id":"/providers/Microsoft.PowerApps/apis/shared_sharepointonline","tier":"NotSpecified"},"shared_office365":{"connectionName":"shared-office365-ee403096-bece-4b7f-bed0-6fcdfbbbf7e2","source":"Embedded","id":"/providers/Microsoft.PowerApps/apis/shared_office365","tier":"NotSpecified"},"shared_teams":{"connectionName":"shared-teams-79c91de7-5a78-4c26-b902-949d-ddfd3c55","source":"Embedded","id":"/providers/Microsoft.PowerApps/apis/shared_teams","tier":"NotSpecified"}},"flowFailureAlertSubscribed":false}}