{"name":"863a4333-a971-4802-b7aa-1dd7781c4137","id":"/providers/Microsoft.Flow/flows/863a4333-a971-4802-b7aa-1dd7781c4137","type":"Microsoft.Flow/flows","properties":{"apiId":"/providers/Microsoft.PowerApps/apis/shared_logicflows","displayName":"GA2.1 Tổng hợp thông tin phê duyệt TCM Toán","definition":{"metadata":{"workflowEntityId":null,"flowclientsuspensionreason":"None","flowclientsuspensiontime":null,"creator":{"id":"2f9b0c2e-8e5d-48cb-b48d-91648d8782f8","type":"User","tenantId":"9153c0e0-d38b-4047-a33c-694e6cda878f"},"provisioningMethod":"FromDefinition","failureAlertSubscription":true,"clientLastModifiedTime":"2021-03-31T04:19:15.4232026Z"},"$schema":"https://schema.management.azure.com/providers/Microsoft.Logic/schemas/2016-06-01/workflowdefinition.json#","contentVersion":"1.0.0.0","parameters":{"$connections":{"defaultValue":{},"type":"Object"},"$authentication":{"defaultValue":{},"type":"SecureObject"}},"triggers":{"When_an_item_is_created_or_modified":{"recurrence":{"frequency":"Minute","interval":5},"splitOn":"@triggerOutputs()?['body/value']","type":"OpenApiConnection","inputs":{"host":{"apiId":"/providers/Microsoft.PowerApps/apis/shared_sharepointonline","connectionName":"shared_sharepointonline_1","operationId":"GetOnUpdatedItems"},"parameters":{"dataset":"https://officeittdteduvn.sharepoint.com/sites/pheduyetgiaoan","table":"eb4cadff-eba0-464f-adfa-c38edaa13528"},"authentication":"@parameters('$authentication')"}}},"actions":{"Get_item-Tổ_chuyên_môn_Toán":{"runAfter":{},"type":"OpenApiConnection","inputs":{"host":{"apiId":"/providers/Microsoft.PowerApps/apis/shared_sharepointonline","connectionName":"shared_sharepointonline_1","operationId":"GetItem"},"parameters":{"dataset":"https://officeittdteduvn.sharepoint.com/sites/pheduyetgiaoan","table":"eb4cadff-eba0-464f-adfa-c38edaa13528","id":"@triggerOutputs()?['body/ID']"},"authentication":"@parameters('$authentication')"}},"Condition_4":{"actions":{"Switch":{"runAfter":{},"cases":{"Case":{"case":"Được duyệt","actions":{"Get_items-Tổng_hợp_giáo_án":{"runAfter":{},"type":"OpenApiConnection","inputs":{"host":{"apiId":"/providers/Microsoft.PowerApps/apis/shared_sharepointonline","connectionName":"shared_sharepointonline_1","operationId":"GetItems"},"parameters":{"dataset":"https://officeittdteduvn.sharepoint.com/sites/pheduyetgiaoan","table":"910a8010-3d3f-43cc-b49e-9aad431ebf26"},"authentication":"@parameters('$authentication')"},"runtimeConfiguration":{"paginationPolicy":{"minimumItemCount":5000}}},"Apply_to_each":{"foreach":"@outputs('Get_items-Tổng_hợp_giáo_án')?['body/value']","actions":{"Condition_5":{"actions":{"Condition":{"actions":{"Update_item-Tổ_chuyên_môn_Toán":{"runAfter":{"Copy_file":["Succeeded"]},"type":"OpenApiConnection","inputs":{"host":{"apiId":"/providers/Microsoft.PowerApps/apis/shared_sharepointonline","connectionName":"shared_sharepointonline_1","operationId":"PatchItem"},"parameters":{"dataset":"https://officeittdteduvn.sharepoint.com/sites/pheduyetgiaoan","table":"eb4cadff-eba0-464f-adfa-c38edaa13528","id":"@outputs('Get_item-Tổ_chuyên_môn_Toán')?['body/ID']","item/OData__x0111__x00e3_t_x1ed5_ngh_x1ee3_":true,"item/Ng_x01b0__x1edd_i_x0020_ph_x00ea":"@outputs('Get_item-Tổ_chuyên_môn_Toán')?['body/Editor/Email']","item/Ng_x00e0_y_x0020_ph_x00ea__x0020":"@outputs('Get_item-Tổ_chuyên_môn_Toán')?['body/Modified']"},"authentication":"@parameters('$authentication')"}},"Copy_file":{"runAfter":{"Update_item-Tổng_hợp_giáo_án":["Succeeded"]},"type":"OpenApiConnection","inputs":{"host":{"apiId":"/providers/Microsoft.PowerApps/apis/shared_sharepointonline","connectionName":"shared_sharepointonline_1","operationId":"CopyFileAsync"},"parameters":{"dataset":"https://officeittdteduvn.sharepoint.com/sites/pheduyetgiaoan","parameters/sourceFileId":"/Shared Documents/Giáo án cần duyệt/@{outputs('Get_item-Tổ_chuyên_môn_Toán')?['body/Gi_x00e1_o_x0020__x00e1_n']}","parameters/destinationDataset":"https://officeittdteduvn.sharepoint.com/sites/pheduyetgiaoan","parameters/destinationFolderPath":"/Shared Documents/Giáo án đã duyệt","parameters/nameConflictBehavior":1},"authentication":"@parameters('$authentication')"}},"Send_an_email_(V2)":{"runAfter":{"Get_file_content_2":["Succeeded"]},"type":"OpenApiConnection","inputs":{"host":{"apiId":"/providers/Microsoft.PowerApps/apis/shared_office365","connectionName":"shared_office365","operationId":"SendEmailV2"},"parameters":{"emailMessage/To":"@outputs('Get_item-Tổ_chuyên_môn_Toán')?['body/Ng_x01b0__x1edd_i_x0020_n_x1ed9_']","emailMessage/Subject":"Đã duyệt giáo án - @{outputs('Get_item-Tổ_chuyên_môn_Toán')?['body/Gi_x00e1_o_x0020__x00e1_n']}","emailMessage/Body":"<p>Chào quý thầy/cô,<br>\nGiáo án thầy/cô đã được phê duyệt. Tại file đính kèm hoặc <a href=\"@{outputs('Get_item-Tổ_chuyên_môn_Toán')?['body/Shareable_x0020_link']}\">link sau</a>\n\nThanks,<br>\nTCM Toán.</p>","emailMessage/Attachments":[{"Name":"@outputs('Get_item-Tổ_chuyên_môn_Toán')?['body/Gi_x00e1_o_x0020__x00e1_n']","ContentBytes":"@outputs('Get_file_content_2')?['body']"}],"emailMessage/Importance":"Normal"},"authentication":"@parameters('$authentication')"}},"Get_file_content_2":{"runAfter":{"Update_item-Tổ_chuyên_môn_Toán":["Succeeded"]},"type":"OpenApiConnection","inputs":{"host":{"apiId":"/providers/Microsoft.PowerApps/apis/shared_sharepointonline","connectionName":"shared_sharepointonline_1","operationId":"GetFileContent"},"parameters":{"dataset":"https://officeittdteduvn.sharepoint.com/sites/pheduyetgiaoan","id":"@outputs('Get_item-Tổ_chuyên_môn_Toán')?['body/file_x0020_identifier']","inferContentType":true},"authentication":"@parameters('$authentication')"}},"Post_a_message_as_the_Flow_bot_to_a_channel":{"runAfter":{"Get_file_content_2":["Succeeded"]},"type":"OpenApiConnection","inputs":{"host":{"apiId":"/providers/Microsoft.PowerApps/apis/shared_teams","connectionName":"shared_teams","operationId":"PostChannelNotification"},"parameters":{"groupId":"d799dc00-5511-4944-a714-c3387324fb3f","PostNotificationRequest/recipient/channelId":"19:fc3a8832ab834ded912ef78cadac4b1f@thread.tacv2","PostNotificationRequest/messageBody":"Đã duyệt giáo án - @{outputs('Get_item-Tổ_chuyên_môn_Toán')?['body/Gi_x00e1_o_x0020__x00e1_n']}.\nLink file: @{outputs('Get_item-Tổ_chuyên_môn_Toán')?['body/Shareable_x0020_link']}","PostNotificationRequest/messageTitle":"Đã duyệt giáo án - @{outputs('Get_item-Tổ_chuyên_môn_Toán')?['body/Gi_x00e1_o_x0020__x00e1_n']}"},"authentication":"@parameters('$authentication')"}},"Update_item-Tổng_hợp_giáo_án":{"runAfter":{},"type":"OpenApiConnection","inputs":{"host":{"apiId":"/providers/Microsoft.PowerApps/apis/shared_sharepointonline","connectionName":"shared_sharepointonline_1","operationId":"PatchItem"},"parameters":{"dataset":"https://officeittdteduvn.sharepoint.com/sites/pheduyetgiaoan","table":"910a8010-3d3f-43cc-b49e-9aad431ebf26","id":"@items('Apply_to_each')?['ID']","item/Tr_x1ea1_ng_x0020_th_x00e1_i_x00/Value":"Được duyệt","item/Ng_x01b0__x1edd_i_x0020_ph_x00ea":"@outputs('Get_item-Tổ_chuyên_môn_Toán')?['body/Editor/Email']","item/Ng_x00e0_y_x0020_ph_x00ea__x0020":"@outputs('Get_item-Tổ_chuyên_môn_Toán')?['body/Modified']"},"authentication":"@parameters('$authentication')"}}},"runAfter":{},"expression":{"equals":["@outputs('Get_item-Tổ_chuyên_môn_Toán')?['body/OData__x0111__x00e3_t_x1ed5_ngh_x1ee3_']",false]},"type":"If"}},"runAfter":{},"expression":{"equals":["@items('Apply_to_each')?['Gi_x00e1_o_x0020__x00e1_n']","@outputs('Get_item-Tổ_chuyên_môn_Toán')?['body/Gi_x00e1_o_x0020__x00e1_n']"]},"type":"If"}},"runAfter":{"Get_items-Tổng_hợp_giáo_án":["Succeeded"]},"type":"Foreach"}}},"Case_2":{"case":"Yêu cầu chỉnh sửa","actions":{"Get_items-Tổng_hợp_giáo_án_2":{"runAfter":{},"type":"OpenApiConnection","inputs":{"host":{"apiId":"/providers/Microsoft.PowerApps/apis/shared_sharepointonline","connectionName":"shared_sharepointonline_1","operationId":"GetItems"},"parameters":{"dataset":"https://officeittdteduvn.sharepoint.com/sites/pheduyetgiaoan","table":"910a8010-3d3f-43cc-b49e-9aad431ebf26"},"authentication":"@parameters('$authentication')"}},"Apply_to_each_2":{"foreach":"@outputs('Get_items-Tổng_hợp_giáo_án_2')?['body/value']","actions":{"Condition_2":{"actions":{"Condition_3":{"actions":{"Update_item-Tổng_hợp_giáo_án_2":{"runAfter":{},"type":"OpenApiConnection","inputs":{"host":{"apiId":"/providers/Microsoft.PowerApps/apis/shared_sharepointonline","connectionName":"shared_sharepointonline_1","operationId":"PatchItem"},"parameters":{"dataset":"https://officeittdteduvn.sharepoint.com/sites/pheduyetgiaoan","table":"910a8010-3d3f-43cc-b49e-9aad431ebf26","id":"@items('Apply_to_each_2')?['ID']","item/Tr_x1ea1_ng_x0020_th_x00e1_i_x00/Value":"Được duyệt","item/Ng_x01b0__x1edd_i_x0020_ph_x00ea":"@outputs('Get_item-Tổ_chuyên_môn_Toán')?['body/Editor/Email']","item/Ng_x00e0_y_x0020_ph_x00ea__x0020":"@outputs('Get_item-Tổ_chuyên_môn_Toán')?['body/Modified']"},"authentication":"@parameters('$authentication')"}},"Get_file_content":{"runAfter":{"Update_item-Tổ_chuyên_môn_Toán_2":["Succeeded"]},"type":"OpenApiConnection","inputs":{"host":{"apiId":"/providers/Microsoft.PowerApps/apis/shared_sharepointonline","connectionName":"shared_sharepointonline_1","operationId":"GetFileContent"},"parameters":{"dataset":"https://officeittdteduvn.sharepoint.com/sites/pheduyetgiaoan","id":"@outputs('Get_item-Tổ_chuyên_môn_Toán')?['body/file_x0020_identifier']","inferContentType":true},"authentication":"@parameters('$authentication')"}},"Send_an_email_(V2)_2":{"runAfter":{"Get_file_content":["Succeeded"]},"type":"OpenApiConnection","inputs":{"host":{"apiId":"/providers/Microsoft.PowerApps/apis/shared_office365","connectionName":"shared_office365","operationId":"SendEmailV2"},"parameters":{"emailMessage/To":"@outputs('Get_item-Tổ_chuyên_môn_Toán')?['body/Ng_x01b0__x1edd_i_x0020_n_x1ed9_']","emailMessage/Subject":"Bổ sung nội dung giáo án - @{outputs('Get_item-Tổ_chuyên_môn_Toán')?['body/Gi_x00e1_o_x0020__x00e1_n']}","emailMessage/Body":"<p>Chào quý thầy/cô,<br>\nGiáo án thầy/cô cần bổ sung nội dung. Tại file đính kèm hoặc <a href=\"@{outputs('Get_item-Tổ_chuyên_môn_Toán')?['body/Shareable_x0020_link']}\">link sau</a>\n<br>\n<br>\nThanks,<br>\nTCM Toán.</p>","emailMessage/Attachments":[{"Name":"@outputs('Get_item-Tổ_chuyên_môn_Toán')?['body/Gi_x00e1_o_x0020__x00e1_n']","ContentBytes":"@outputs('Get_file_content')?['body']"}],"emailMessage/Importance":"Normal"},"authentication":"@parameters('$authentication')"}},"Update_item-Tổ_chuyên_môn_Toán_2":{"runAfter":{"Update_item-Tổng_hợp_giáo_án_2":["Succeeded"]},"type":"OpenApiConnection","inputs":{"host":{"apiId":"/providers/Microsoft.PowerApps/apis/shared_sharepointonline","connectionName":"shared_sharepointonline_1","operationId":"PatchItem"},"parameters":{"dataset":"https://officeittdteduvn.sharepoint.com/sites/pheduyetgiaoan","table":"eb4cadff-eba0-464f-adfa-c38edaa13528","id":"@outputs('Get_item-Tổ_chuyên_môn_Toán')?['body/ID']","item/OData__x0111__x00e3_t_x1ed5_ngh_x1ee3_":true,"item/Ng_x01b0__x1edd_i_x0020_ph_x00ea":"@outputs('Get_item-Tổ_chuyên_môn_Toán')?['body/Editor/Email']","item/Ng_x00e0_y_x0020_ph_x00ea__x0020":"@outputs('Get_item-Tổ_chuyên_môn_Toán')?['body/Modified']"},"authentication":"@parameters('$authentication')"}}},"runAfter":{},"expression":{"equals":["@outputs('Get_item-Tổ_chuyên_môn_Toán')?['body/OData__x0111__x00e3_t_x1ed5_ngh_x1ee3_']",false]},"type":"If"}},"runAfter":{},"expression":{"equals":["@items('Apply_to_each_2')?['Gi_x00e1_o_x0020__x00e1_n']","@outputs('Get_item-Tổ_chuyên_môn_Toán')?['body/Gi_x00e1_o_x0020__x00e1_n']"]},"type":"If"}},"runAfter":{"Get_items-Tổng_hợp_giáo_án_2":["Succeeded"]},"type":"Foreach"}}}},"default":{"actions":{}},"expression":"@outputs('Get_item-Tổ_chuyên_môn_Toán')?['body/Tr_x1ea1_ng_x0020_th_x00e1_i_x00/Value']","type":"Switch"}},"runAfter":{"Get_item-Tổ_chuyên_môn_Toán":["Succeeded"]},"expression":{"and":[{"equals":["@outputs('Get_item-Tổ_chuyên_môn_Toán')?['body/C_x1ead_pnh_x1ead_tth_x00f4_ngti']",true]},{"equals":["@outputs('Get_item-Tổ_chuyên_môn_Toán')?['body/OData__x0111__x00e3_t_x1ed5_ngh_x1ee3_']",false]}]},"type":"If"}},"outputs":{}},"connectionReferences":{"shared_sharepointonline_1":{"connectionName":"e5a2d70c358d477794e524f1c5d78964","source":"Embedded","id":"/providers/Microsoft.PowerApps/apis/shared_sharepointonline","tier":"NotSpecified"},"shared_office365":{"connectionName":"bb070974a63e456eb9035da7b6b14012","source":"Embedded","id":"/providers/Microsoft.PowerApps/apis/shared_office365","tier":"NotSpecified"},"shared_teams":{"connectionName":"9d3265a76bbe48d38e93f2938a618585","source":"Embedded","id":"/providers/Microsoft.PowerApps/apis/shared_teams","tier":"NotSpecified"}},"flowFailureAlertSubscribed":false}}