{"name":"fc14a3c7-c489-4d95-a261-a587c98e2aa7","id":"/providers/Microsoft.Flow/flows/fc14a3c7-c489-4d95-a261-a587c98e2aa7","type":"Microsoft.Flow/flows","properties":{"apiId":"/providers/Microsoft.PowerApps/apis/shared_logicflows","displayName":"Tạo các danh sách trong duyệt giáo án-Final","definition":{"metadata":{"workflowEntityId":null,"processAdvisorMetadata":null,"flowclientsuspensionreason":"None","flowclientsuspensiontime":null,"creator":{"id":"ab313bbe-c650-4266-abac-553b49294318","type":"User","tenantId":"1e59b7bf-67e6-4e9f-a46c-977abcc12863"},"provisioningMethod":"FromDefinition","failureAlertSubscription":true,"clientLastModifiedTime":"2021-11-24T02:57:38.8847712Z"},"$schema":"https://schema.management.azure.com/providers/Microsoft.Logic/schemas/2016-06-01/workflowdefinition.json#","contentVersion":"1.0.0.0","parameters":{"$connections":{"defaultValue":{},"type":"Object"},"$authentication":{"defaultValue":{},"type":"SecureObject"}},"triggers":{"manual":{"metadata":{"operationMetadataId":"4411560c-b8f3-40e7-b998-3626f09daf40"},"type":"Request","kind":"Button","inputs":{"schema":{"type":"object","properties":{},"required":[]}}}},"actions":{"Scope_-_Tổng_hợp_giáo_án":{"actions":{"Người_nộp_":{"runAfter":{"Add_Giáo_án_to_Default_View":["Succeeded"]},"metadata":{"operationMetadataId":"63e7ced9-a46b-4741-a397-f3713f744955"},"type":"OpenApiConnection","inputs":{"host":{"apiId":"/providers/Microsoft.PowerApps/apis/shared_sharepointonline","connectionName":"shared_sharepointonline","operationId":"HttpRequest"},"parameters":{"dataset":"@variables('varSharePointSite')","parameters/method":"POST","parameters/uri":"_api/lists/getbytitle('@{variables('thga')}')/fields","parameters/headers":{"Accept":"application/json;odata=verbose","Content-Type":"application/json;odata=verbose"},"parameters/body":"{\n    '__metadata': {'type':'SP.FieldText'},\n    'FieldTypeKind': 2,\n     'Title': 'Người nộp'\n}"},"authentication":{"value":"@json(decodeBase64(triggerOutputs().headers['X-MS-APIM-Tokens']))['$ConnectionKey']","type":"Raw"}}},"Add_Lớp_to_Default_View":{"runAfter":{"Lớp":["Succeeded"]},"metadata":{"operationMetadataId":"afa37367-970d-4791-ab04-743862befdd2"},"type":"OpenApiConnection","inputs":{"host":{"apiId":"/providers/Microsoft.PowerApps/apis/shared_sharepointonline","connectionName":"shared_sharepointonline","operationId":"HttpRequest"},"parameters":{"dataset":"@variables('varSharePointSite')","parameters/method":"POST","parameters/uri":"_api/web/lists/GetByTitle('@{variables('thga')}')/views/getbytitle('All Items')/ViewFields/AddViewField('Lớp')","parameters/headers":{"Accept":"application/json;odata=verbose","Content-Type":"application/json;odata=verbose"}},"authentication":{"value":"@json(decodeBase64(triggerOutputs().headers['X-MS-APIM-Tokens']))['$ConnectionKey']","type":"Raw"}}},"Add_Người_nộp_to_Default_View":{"runAfter":{"Người_nộp_":["Succeeded"]},"metadata":{"operationMetadataId":"386df5a2-335d-46e0-91ed-eeffc5d02dfc"},"type":"OpenApiConnection","inputs":{"host":{"apiId":"/providers/Microsoft.PowerApps/apis/shared_sharepointonline","connectionName":"shared_sharepointonline","operationId":"HttpRequest"},"parameters":{"dataset":"@variables('varSharePointSite')","parameters/method":"POST","parameters/uri":"_api/web/lists/GetByTitle('@{variables('thga')}')/views/getbytitle('All Items')/ViewFields/AddViewField('Người nộp')","parameters/headers":{"Accept":"application/json;odata=verbose","Content-Type":"application/json;odata=verbose"}},"authentication":{"value":"@json(decodeBase64(triggerOutputs().headers['X-MS-APIM-Tokens']))['$ConnectionKey']","type":"Raw"}}},"Trạng_thái_phê_duyệt":{"runAfter":{"Add_Người_nộp_to_Default_View":["Succeeded"]},"metadata":{"operationMetadataId":"d4d01ea7-217d-4513-90b9-c9d8f6289d54"},"type":"OpenApiConnection","inputs":{"host":{"apiId":"/providers/Microsoft.PowerApps/apis/shared_sharepointonline","connectionName":"shared_sharepointonline","operationId":"HttpRequest"},"parameters":{"dataset":"@variables('varSharePointSite')","parameters/method":"POST","parameters/uri":"_api/lists/getbytitle('@{variables('thga')}')/fields","parameters/headers":{"Accept":"application/json;odata=verbose","Content-Type":"application/json;odata=verbose"},"parameters/body":"{\n  '__metadata' : {'type':'SP.FieldChoice'},\n  'FieldTypeKind': 6,\n  'Title': 'Trạng thái phê duyệt',\n  'Required': 'false',\n  'EnforceUniqueValues': 'false',\n  'Choices': { 'results': ['Được duyệt', 'Yêu cầu chỉnh sửa'] }\n}"},"authentication":{"value":"@json(decodeBase64(triggerOutputs().headers['X-MS-APIM-Tokens']))['$ConnectionKey']","type":"Raw"}}},"Add_Trạng_thái_phê_duyệt_to_Default_View":{"runAfter":{"Trạng_thái_phê_duyệt":["Succeeded"]},"metadata":{"operationMetadataId":"9c1f536f-3c9a-4b75-8865-8c54efcc067b"},"type":"OpenApiConnection","inputs":{"host":{"apiId":"/providers/Microsoft.PowerApps/apis/shared_sharepointonline","connectionName":"shared_sharepointonline","operationId":"HttpRequest"},"parameters":{"dataset":"@variables('varSharePointSite')","parameters/method":"POST","parameters/uri":"_api/web/lists/GetByTitle('@{variables('thga')}')/views/getbytitle('All Items')/ViewFields/AddViewField('Trạng thái phê duyệt')","parameters/headers":{"Accept":"application/json;odata=verbose","Content-Type":"application/json;odata=verbose"}},"authentication":{"value":"@json(decodeBase64(triggerOutputs().headers['X-MS-APIM-Tokens']))['$ConnectionKey']","type":"Raw"}}},"Giáo_án":{"runAfter":{"Add_Tổ_chuyên_môn_to_Default_View":["Succeeded"]},"metadata":{"operationMetadataId":"7b2cadb1-4254-4265-a071-c170e9f2dc56"},"type":"OpenApiConnection","inputs":{"host":{"apiId":"/providers/Microsoft.PowerApps/apis/shared_sharepointonline","connectionName":"shared_sharepointonline","operationId":"HttpRequest"},"parameters":{"dataset":"@variables('varSharePointSite')","parameters/method":"POST","parameters/uri":"_api/lists/getbytitle('@{variables('thga')}')/fields","parameters/headers":{"Accept":"application/json;odata=verbose","Content-Type":"application/json;odata=verbose"},"parameters/body":"{\n    '__metadata': {'type':'SP.FieldText'},\n    'FieldTypeKind': 2,\n     'Title': 'Giáo án'\n}"},"authentication":{"value":"@json(decodeBase64(triggerOutputs().headers['X-MS-APIM-Tokens']))['$ConnectionKey']","type":"Raw"}}},"Add_Giáo_án_to_Default_View":{"runAfter":{"Giáo_án":["Succeeded"]},"metadata":{"operationMetadataId":"b3f74854-8b85-4587-b4fd-69f2ff1d9b1a"},"type":"OpenApiConnection","inputs":{"host":{"apiId":"/providers/Microsoft.PowerApps/apis/shared_sharepointonline","connectionName":"shared_sharepointonline","operationId":"HttpRequest"},"parameters":{"dataset":"@variables('varSharePointSite')","parameters/method":"POST","parameters/uri":"_api/web/lists/GetByTitle('@{variables('thga')}')/views/getbytitle('All Items')/ViewFields/AddViewField('Giáo án')","parameters/headers":{"Accept":"application/json;odata=verbose","Content-Type":"application/json;odata=verbose"}},"authentication":{"value":"@json(decodeBase64(triggerOutputs().headers['X-MS-APIM-Tokens']))['$ConnectionKey']","type":"Raw"}}},"Ngày_nộp_giáo_án":{"runAfter":{"Add_Trạng_thái_phê_duyệt_to_Default_View":["Succeeded"]},"metadata":{"operationMetadataId":"dd5a57d7-c54e-45d0-8949-a04db6e812fe"},"type":"OpenApiConnection","inputs":{"host":{"apiId":"/providers/Microsoft.PowerApps/apis/shared_sharepointonline","connectionName":"shared_sharepointonline","operationId":"HttpRequest"},"parameters":{"dataset":"@variables('varSharePointSite')","parameters/method":"POST","parameters/uri":"_api/lists/getbytitle('@{variables('thga')}')/fields","parameters/headers":{"Accept":"application/json;odata=verbose","Content-Type":"application/json;odata=verbose"},"parameters/body":"{\n'__metadata' : {'type':'SP.FieldDateTime'},\n'FieldTypeKind': 4,\n'Title': 'Ngày nộp giáo án',\n'DisplayFormat': 1\n}"},"authentication":{"value":"@json(decodeBase64(triggerOutputs().headers['X-MS-APIM-Tokens']))['$ConnectionKey']","type":"Raw"}}},"Add_Ngày_nộp_giáo_án_to_Default_View":{"runAfter":{"Ngày_nộp_giáo_án":["Succeeded"]},"metadata":{"operationMetadataId":"f3c93f89-fbbb-4375-a4b5-78aeff8a06c5"},"type":"OpenApiConnection","inputs":{"host":{"apiId":"/providers/Microsoft.PowerApps/apis/shared_sharepointonline","connectionName":"shared_sharepointonline","operationId":"HttpRequest"},"parameters":{"dataset":"@variables('varSharePointSite')","parameters/method":"POST","parameters/uri":"_api/web/lists/GetByTitle('@{variables('thga')}')/views/getbytitle('All Items')/ViewFields/AddViewField('Ngày nộp giáo án')","parameters/headers":{"Accept":"application/json;odata=verbose","Content-Type":"application/json;odata=verbose"}},"authentication":{"value":"@json(decodeBase64(triggerOutputs().headers['X-MS-APIM-Tokens']))['$ConnectionKey']","type":"Raw"}}},"Người_phê_duyệt":{"runAfter":{"Add_Ngày_nộp_giáo_án_to_Default_View":["Succeeded"]},"metadata":{"operationMetadataId":"0b475a26-2432-4ee0-bfef-9ed55e0733e9"},"type":"OpenApiConnection","inputs":{"host":{"apiId":"/providers/Microsoft.PowerApps/apis/shared_sharepointonline","connectionName":"shared_sharepointonline","operationId":"HttpRequest"},"parameters":{"dataset":"@variables('varSharePointSite')","parameters/method":"POST","parameters/uri":"_api/lists/getbytitle('@{variables('thga')}')/fields","parameters/headers":{"Accept":"application/json;odata=verbose","Content-Type":"application/json;odata=verbose"},"parameters/body":"{\n    '__metadata': {'type':'SP.FieldText'},\n    'FieldTypeKind': 2,\n     'Title': 'Người phê duyệt'\n}"},"authentication":{"value":"@json(decodeBase64(triggerOutputs().headers['X-MS-APIM-Tokens']))['$ConnectionKey']","type":"Raw"}}},"Add_Người_phê_duyệt_to_Default_View":{"runAfter":{"Người_phê_duyệt":["Succeeded"]},"metadata":{"operationMetadataId":"a3dc2e49-3d1f-4d6b-b081-4441365dbb9f"},"type":"OpenApiConnection","inputs":{"host":{"apiId":"/providers/Microsoft.PowerApps/apis/shared_sharepointonline","connectionName":"shared_sharepointonline","operationId":"HttpRequest"},"parameters":{"dataset":"@variables('varSharePointSite')","parameters/method":"POST","parameters/uri":"_api/web/lists/GetByTitle('@{variables('thga')}')/views/getbytitle('All Items')/ViewFields/AddViewField('Người phê duyệt')","parameters/headers":{"Accept":"application/json;odata=verbose","Content-Type":"application/json;odata=verbose"}},"authentication":{"value":"@json(decodeBase64(triggerOutputs().headers['X-MS-APIM-Tokens']))['$ConnectionKey']","type":"Raw"}}},"Ngày_phê_duyệt":{"runAfter":{"Add_Người_phê_duyệt_to_Default_View":["Succeeded"]},"metadata":{"operationMetadataId":"64323784-3026-4ec4-a5c1-c4b5533ad259"},"type":"OpenApiConnection","inputs":{"host":{"apiId":"/providers/Microsoft.PowerApps/apis/shared_sharepointonline","connectionName":"shared_sharepointonline","operationId":"HttpRequest"},"parameters":{"dataset":"@variables('varSharePointSite')","parameters/method":"POST","parameters/uri":"_api/lists/getbytitle('@{variables('thga')}')/fields","parameters/headers":{"Accept":"application/json;odata=verbose","Content-Type":"application/json;odata=verbose"},"parameters/body":"{\n'__metadata' : {'type':'SP.FieldDateTime'},\n'FieldTypeKind': 4,\n'Title': 'Ngày phê duyệt',\n'DisplayFormat': 1\n}"},"authentication":{"value":"@json(decodeBase64(triggerOutputs().headers['X-MS-APIM-Tokens']))['$ConnectionKey']","type":"Raw"}}},"Add_Ngày_phê_duyệt_to_Default_View":{"runAfter":{"Ngày_phê_duyệt":["Succeeded"]},"metadata":{"operationMetadataId":"dbf8314b-f9db-484c-b091-938bacac3a6a"},"type":"OpenApiConnection","inputs":{"host":{"apiId":"/providers/Microsoft.PowerApps/apis/shared_sharepointonline","connectionName":"shared_sharepointonline","operationId":"HttpRequest"},"parameters":{"dataset":"@variables('varSharePointSite')","parameters/method":"POST","parameters/uri":"_api/web/lists/GetByTitle('@{variables('thga')}')/views/getbytitle('All Items')/ViewFields/AddViewField('Ngày phê duyệt')","parameters/headers":{"Accept":"application/json;odata=verbose","Content-Type":"application/json;odata=verbose"}},"authentication":{"value":"@json(decodeBase64(triggerOutputs().headers['X-MS-APIM-Tokens']))['$ConnectionKey']","type":"Raw"}}},"Link_giáo_án":{"runAfter":{"Add_Ngày_phê_duyệt_to_Default_View":["Succeeded"]},"metadata":{"operationMetadataId":"21b41df0-9a80-4f45-8670-7528f5ee5353"},"type":"OpenApiConnection","inputs":{"host":{"apiId":"/providers/Microsoft.PowerApps/apis/shared_sharepointonline","connectionName":"shared_sharepointonline","operationId":"HttpRequest"},"parameters":{"dataset":"@variables('varSharePointSite')","parameters/method":"POST","parameters/uri":"_api/lists/getbytitle('@{variables('thga')}')/fields","parameters/headers":{"Accept":"application/json;odata=verbose","Content-Type":"application/json;odata=verbose"},"parameters/body":"{\n'__metadata' : {'type':'SP.FieldUrl'},\n'FieldTypeKind': 11,\n'Title': 'Link giáo án',\n'DisplayFormat': 0\n}"},"authentication":{"value":"@json(decodeBase64(triggerOutputs().headers['X-MS-APIM-Tokens']))['$ConnectionKey']","type":"Raw"}}},"Add_Link_giáo_án_to_Default_View":{"runAfter":{"Link_giáo_án":["Succeeded"]},"metadata":{"operationMetadataId":"8116b120-9580-4abc-ac76-f6189fd3afd3"},"type":"OpenApiConnection","inputs":{"host":{"apiId":"/providers/Microsoft.PowerApps/apis/shared_sharepointonline","connectionName":"shared_sharepointonline","operationId":"HttpRequest"},"parameters":{"dataset":"@variables('varSharePointSite')","parameters/method":"POST","parameters/uri":"_api/web/lists/GetByTitle('@{variables('thga')}')/views/getbytitle('All Items')/ViewFields/AddViewField('Link giáo án')","parameters/headers":{"Accept":"application/json;odata=verbose","Content-Type":"application/json;odata=verbose"}},"authentication":{"value":"@json(decodeBase64(triggerOutputs().headers['X-MS-APIM-Tokens']))['$ConnectionKey']","type":"Raw"}}},"Tổ_chuyên_môn":{"runAfter":{"Add_Lớp_to_Default_View":["Succeeded"]},"metadata":{"operationMetadataId":"1363cb55-1b1b-452e-86e6-9d713f80222d"},"type":"OpenApiConnection","inputs":{"host":{"apiId":"/providers/Microsoft.PowerApps/apis/shared_sharepointonline","connectionName":"shared_sharepointonline","operationId":"HttpRequest"},"parameters":{"dataset":"@variables('varSharePointSite')","parameters/method":"POST","parameters/uri":"_api/lists/getbytitle('@{variables('thga')}')/fields","parameters/headers":{"Accept":"application/json;odata=verbose","Content-Type":"application/json;odata=verbose"},"parameters/body":"{\n    '__metadata': {'type':'SP.FieldText'},\n    'FieldTypeKind': 2,\n     'Title': 'Tổ chuyên môn'\n}"},"authentication":{"value":"@json(decodeBase64(triggerOutputs().headers['X-MS-APIM-Tokens']))['$ConnectionKey']","type":"Raw"}}},"Add_Tổ_chuyên_môn_to_Default_View":{"runAfter":{"Tổ_chuyên_môn":["Succeeded"]},"metadata":{"operationMetadataId":"b6f619b3-ac72-4849-acd5-d19b63338e36"},"type":"OpenApiConnection","inputs":{"host":{"apiId":"/providers/Microsoft.PowerApps/apis/shared_sharepointonline","connectionName":"shared_sharepointonline","operationId":"HttpRequest"},"parameters":{"dataset":"@variables('varSharePointSite')","parameters/method":"POST","parameters/uri":"_api/web/lists/GetByTitle('@{variables('thga')}')/views/getbytitle('All Items')/ViewFields/AddViewField('Tổ chuyên môn')","parameters/headers":{"Accept":"application/json;odata=verbose","Content-Type":"application/json;odata=verbose"}},"authentication":{"value":"@json(decodeBase64(triggerOutputs().headers['X-MS-APIM-Tokens']))['$ConnectionKey']","type":"Raw"}}},"Send_an_HTTP_request_to_SharePoint_to_remove_Title_column":{"runAfter":{"Send_an_HTTP_request_to_SharePoint_-_Create_SharePoint_List":["Succeeded"]},"metadata":{"operationMetadataId":"444ce333-6acf-4eec-815a-5336b52ddcf7"},"type":"OpenApiConnection","inputs":{"host":{"apiId":"/providers/Microsoft.PowerApps/apis/shared_sharepointonline","connectionName":"shared_sharepointonline","operationId":"HttpRequest"},"parameters":{"dataset":"@variables('varSharePointSite')","parameters/method":"POST","parameters/uri":"_api/web/lists/getByTitle('@{variables('thga')}')/fields/getbytitle('Title')","parameters/headers":{"Accept":"application/json;odata=verbose","Content-Type":"application/json;odata=verbose","X-HTTP-Method":"MERGE","IF-MATCH":"*"},"parameters/body":"{\n    '__metadata': {'type':'SP.FieldText'},\n    'FieldTypeKind': 2,\n     'Title': 'Title',\n     'Hidden': 'True'\n}"},"authentication":{"value":"@json(decodeBase64(triggerOutputs().headers['X-MS-APIM-Tokens']))['$ConnectionKey']","type":"Raw"}}},"Lớp":{"runAfter":{"Send_an_HTTP_request_to_SharePoint_to_remove_Title_column":["Succeeded"]},"metadata":{"operationMetadataId":"8b741542-da4a-46a1-a33c-a6e2c5693e6b"},"type":"OpenApiConnection","inputs":{"host":{"apiId":"/providers/Microsoft.PowerApps/apis/shared_sharepointonline","connectionName":"shared_sharepointonline","operationId":"HttpRequest"},"parameters":{"dataset":"@variables('varSharePointSite')","parameters/method":"POST","parameters/uri":"_api/lists/getbytitle('@{variables('thga')}')/fields","parameters/headers":{"Accept":"application/json;odata=verbose","Content-Type":"application/json;odata=verbose"},"parameters/body":"{\n    '__metadata': {'type':'SP.FieldText'},\n    'FieldTypeKind': 2,\n     'Title': 'Lớp'\n}"},"authentication":{"value":"@json(decodeBase64(triggerOutputs().headers['X-MS-APIM-Tokens']))['$ConnectionKey']","type":"Raw"}}},"Send_an_HTTP_request_to_SharePoint_-_Create_SharePoint_List":{"runAfter":{},"metadata":{"operationMetadataId":"2057a63f-6e82-470a-9531-71edc3ee70bc"},"type":"OpenApiConnection","inputs":{"host":{"apiId":"/providers/Microsoft.PowerApps/apis/shared_sharepointonline","connectionName":"shared_sharepointonline","operationId":"HttpRequest"},"parameters":{"dataset":"@variables('varSharePointSite')","parameters/method":"POST","parameters/uri":"/_api/web/lists","parameters/headers":{"Accept":"application/json;odata=verbose","Content-Type":"application/json;odata=verbose"},"parameters/body":"{\n  \"__metadata\": {\"type\": \"SP.List\"},\n  \"AllowContentTypes\": true,\n  \"BaseTemplate\": 100,\n  \"Title\": \"@{variables('thga')}\",\n  \"Description\": \"Danh sách @{variables('thga')}\"\n}"},"authentication":{"value":"@json(decodeBase64(triggerOutputs().headers['X-MS-APIM-Tokens']))['$ConnectionKey']","type":"Raw"}}}},"runAfter":{"Create_new_folder_-_Giáo_án_đã_duyệt":["Succeeded"]},"metadata":{"operationMetadataId":"dabb49ad-f3af-40d8-bb84-684d3e4eb4da"},"type":"Scope"},"Variable_-_SharePoint_site":{"runAfter":{},"metadata":{"operationMetadataId":"fca08536-3307-4407-8546-9ddb16f0c9c3"},"type":"InitializeVariable","inputs":{"variables":[{"name":"varSharePointSite","type":"string","value":"https://mseduvn.sharepoint.com/sites/GA1"}]}},"Variable_-_Tổng_hợp_giáo_án":{"runAfter":{"Variable_-_SharePoint_site":["Succeeded"]},"metadata":{"operationMetadataId":"b8f55880-7552-40c9-9968-44df89cfe5aa"},"type":"InitializeVariable","inputs":{"variables":[{"name":"thga","type":"string","value":"Tổng hợp giáo án1"}]}},"Variable_-_Tổ_chuyên_môn":{"runAfter":{"Variable_-_Tổng_hợp_giáo_án":["Succeeded"]},"metadata":{"operationMetadataId":"b8f55880-7552-40c9-9968-44df89cfe5aa"},"type":"InitializeVariable","inputs":{"variables":[{"name":"tcm1","type":"string","value":"Toán1"}]}},"Condition_-__Tổ_chuyên_môn":{"actions":{"Scope_-_Tổ_chuyên_môn":{"actions":{"Send_an_HTTP_request_to_SharePoint_Teams":{"runAfter":{},"metadata":{"operationMetadataId":"d54f4a81-0511-42e8-8c25-392f151fd71c"},"type":"OpenApiConnection","inputs":{"host":{"apiId":"/providers/Microsoft.PowerApps/apis/shared_sharepointonline","connectionName":"shared_sharepointonline","operationId":"HttpRequest"},"parameters":{"dataset":"@variables('varSharePointSite')","parameters/method":"POST","parameters/uri":"/_api/web/lists","parameters/headers":{"Accept":"application/json;odata=verbose","Content-Type":"application/json;odata=verbose"},"parameters/body":"{\n  \"__metadata\": {\"type\": \"SP.List\"},\n  \"AllowContentTypes\": true,\n  \"BaseTemplate\": 100,\n  \"Title\": \"Tổ chuyên môn @{variables('tcm1')}\",\n  \"Description\": \"Danh sách Tổ chuyên môn @{variables('tcm1')}\"\n}"},"authentication":{"value":"@json(decodeBase64(triggerOutputs().headers['X-MS-APIM-Tokens']))['$ConnectionKey']","type":"Raw"}}},"Teams_:_Lớp":{"runAfter":{"Send_an_HTTP_request_to_SharePoint_to_remove_Title_column_2":["Succeeded"]},"metadata":{"operationMetadataId":"8b741542-da4a-46a1-a33c-a6e2c5693e6b"},"type":"OpenApiConnection","inputs":{"host":{"apiId":"/providers/Microsoft.PowerApps/apis/shared_sharepointonline","connectionName":"shared_sharepointonline","operationId":"HttpRequest"},"parameters":{"dataset":"@variables('varSharePointSite')","parameters/method":"POST","parameters/uri":"_api/lists/getbytitle('Tổ chuyên môn @{variables('tcm1')}')/fields","parameters/headers":{"Accept":"application/json;odata=verbose","Content-Type":"application/json;odata=verbose"},"parameters/body":"{\n    '__metadata': {'type':'SP.FieldText'},\n    'FieldTypeKind': 2,\n     'Title': 'Lớp'\n}"},"authentication":{"value":"@json(decodeBase64(triggerOutputs().headers['X-MS-APIM-Tokens']))['$ConnectionKey']","type":"Raw"}}},"Teams_:_Người_nộp":{"runAfter":{"Add_Teams_Giáo_án_to_Default_View":["Succeeded"]},"metadata":{"operationMetadataId":"8589f73b-7919-4e4f-9e64-ce3ae44072a0"},"type":"OpenApiConnection","inputs":{"host":{"apiId":"/providers/Microsoft.PowerApps/apis/shared_sharepointonline","connectionName":"shared_sharepointonline","operationId":"HttpRequest"},"parameters":{"dataset":"@variables('varSharePointSite')","parameters/method":"POST","parameters/uri":"_api/lists/getbytitle('Tổ chuyên môn @{variables('tcm1')}')/fields","parameters/headers":{"Accept":"application/json;odata=verbose","Content-Type":"application/json;odata=verbose"},"parameters/body":"{\n    '__metadata': {'type':'SP.FieldText'},\n    'FieldTypeKind': 2,\n    'Title': 'Người nộp'\n}"},"authentication":{"value":"@json(decodeBase64(triggerOutputs().headers['X-MS-APIM-Tokens']))['$ConnectionKey']","type":"Raw"}}},"Add_Teams_Lớp_to_Default_View":{"runAfter":{"Teams_:_Lớp":["Succeeded"]},"metadata":{"operationMetadataId":"fab50a09-666f-471a-8fda-0fd6e8632d81"},"type":"OpenApiConnection","inputs":{"host":{"apiId":"/providers/Microsoft.PowerApps/apis/shared_sharepointonline","connectionName":"shared_sharepointonline","operationId":"HttpRequest"},"parameters":{"dataset":"@variables('varSharePointSite')","parameters/method":"POST","parameters/uri":"_api/web/lists/GetByTitle('Tổ chuyên môn @{variables('tcm1')}')/views/getbytitle('All Items')/ViewFields/AddViewField('Lớp')","parameters/headers":{"Accept":"application/json;odata=verbose","Content-Type":"application/json;odata=verbose"}},"authentication":{"value":"@json(decodeBase64(triggerOutputs().headers['X-MS-APIM-Tokens']))['$ConnectionKey']","type":"Raw"}}},"Add_Teams_Người_nộp_to_Default_View":{"runAfter":{"Teams_:_Người_nộp":["Succeeded"]},"metadata":{"operationMetadataId":"7deec500-c6a1-45a4-a0aa-c0fe9497843b"},"type":"OpenApiConnection","inputs":{"host":{"apiId":"/providers/Microsoft.PowerApps/apis/shared_sharepointonline","connectionName":"shared_sharepointonline","operationId":"HttpRequest"},"parameters":{"dataset":"@variables('varSharePointSite')","parameters/method":"POST","parameters/uri":"_api/web/lists/GetByTitle('Tổ chuyên môn @{variables('tcm1')}')/views/getbytitle('All Items')/ViewFields/AddViewField('Người nộp')","parameters/headers":{"Accept":"application/json;odata=verbose","Content-Type":"application/json;odata=verbose"}},"authentication":{"value":"@json(decodeBase64(triggerOutputs().headers['X-MS-APIM-Tokens']))['$ConnectionKey']","type":"Raw"}}},"Teams_:_Trạng_thái_phê_duyệt":{"runAfter":{"Add_Teams_Người_nộp_to_Default_View":["Succeeded"]},"metadata":{"operationMetadataId":"66ee85ed-5ba0-42c9-9c48-dbb3349229e1"},"type":"OpenApiConnection","inputs":{"host":{"apiId":"/providers/Microsoft.PowerApps/apis/shared_sharepointonline","connectionName":"shared_sharepointonline","operationId":"HttpRequest"},"parameters":{"dataset":"@variables('varSharePointSite')","parameters/method":"POST","parameters/uri":"_api/lists/getbytitle('Tổ chuyên môn @{variables('tcm1')}')/fields","parameters/headers":{"Accept":"application/json;odata=verbose","Content-Type":"application/json;odata=verbose"},"parameters/body":"{\n  '__metadata' : {'type':'SP.FieldChoice'},\n  'FieldTypeKind': 6,\n  'Title': 'Trạng thái phê duyệt',\n  'Required': 'false',\n  'EnforceUniqueValues': 'false',\n  'Choices': { 'results': ['Được duyệt', 'Yêu cầu chỉnh sửa'] }\n}"},"authentication":{"value":"@json(decodeBase64(triggerOutputs().headers['X-MS-APIM-Tokens']))['$ConnectionKey']","type":"Raw"}}},"Add_Team_Trạng_thái_phê_duyệt_to_Default_View":{"runAfter":{"Teams_:_Trạng_thái_phê_duyệt":["Succeeded"]},"metadata":{"operationMetadataId":"4c75c379-2ab5-4cce-9cac-d77dfb4f8ee6"},"type":"OpenApiConnection","inputs":{"host":{"apiId":"/providers/Microsoft.PowerApps/apis/shared_sharepointonline","connectionName":"shared_sharepointonline","operationId":"HttpRequest"},"parameters":{"dataset":"@variables('varSharePointSite')","parameters/method":"POST","parameters/uri":"_api/web/lists/GetByTitle('Tổ chuyên môn @{variables('tcm1')}')/views/getbytitle('All Items')/ViewFields/AddViewField('Trạng thái phê duyệt')","parameters/headers":{"Accept":"application/json;odata=verbose","Content-Type":"application/json;odata=verbose"}},"authentication":{"value":"@json(decodeBase64(triggerOutputs().headers['X-MS-APIM-Tokens']))['$ConnectionKey']","type":"Raw"}}},"Teams_:_Giáo_án":{"runAfter":{"Add_Teams_Lớp_to_Default_View":["Succeeded"]},"metadata":{"operationMetadataId":"0bdd0066-f752-4865-bc8a-e5be03ea113e"},"type":"OpenApiConnection","inputs":{"host":{"apiId":"/providers/Microsoft.PowerApps/apis/shared_sharepointonline","connectionName":"shared_sharepointonline","operationId":"HttpRequest"},"parameters":{"dataset":"@variables('varSharePointSite')","parameters/method":"POST","parameters/uri":"_api/lists/getbytitle('Tổ chuyên môn @{variables('tcm1')}')/fields","parameters/headers":{"Accept":"application/json;odata=verbose","Content-Type":"application/json;odata=verbose"},"parameters/body":"{\n    '__metadata': {'type':'SP.FieldText'},\n    'FieldTypeKind': 2,\n     'Title': 'Giáo án'\n}"},"authentication":{"value":"@json(decodeBase64(triggerOutputs().headers['X-MS-APIM-Tokens']))['$ConnectionKey']","type":"Raw"}}},"Add_Teams_Giáo_án_to_Default_View":{"runAfter":{"Teams_:_Giáo_án":["Succeeded"]},"metadata":{"operationMetadataId":"c0146b39-4746-4f2a-9711-17abffbce4df"},"type":"OpenApiConnection","inputs":{"host":{"apiId":"/providers/Microsoft.PowerApps/apis/shared_sharepointonline","connectionName":"shared_sharepointonline","operationId":"HttpRequest"},"parameters":{"dataset":"@variables('varSharePointSite')","parameters/method":"POST","parameters/uri":"_api/web/lists/GetByTitle('Tổ chuyên môn @{variables('tcm1')}')/views/getbytitle('All Items')/ViewFields/AddViewField('Giáo án')","parameters/headers":{"Accept":"application/json;odata=verbose","Content-Type":"application/json;odata=verbose"}},"authentication":{"value":"@json(decodeBase64(triggerOutputs().headers['X-MS-APIM-Tokens']))['$ConnectionKey']","type":"Raw"}}},"Teams_:_Ngày_nộp_giáo_án":{"runAfter":{"Add_Team_Trạng_thái_phê_duyệt_to_Default_View":["Succeeded"]},"metadata":{"operationMetadataId":"9c525912-465d-4059-ba73-b44a53903d84"},"type":"OpenApiConnection","inputs":{"host":{"apiId":"/providers/Microsoft.PowerApps/apis/shared_sharepointonline","connectionName":"shared_sharepointonline","operationId":"HttpRequest"},"parameters":{"dataset":"@variables('varSharePointSite')","parameters/method":"POST","parameters/uri":"_api/lists/getbytitle('Tổ chuyên môn @{variables('tcm1')}')/fields","parameters/headers":{"Accept":"application/json;odata=verbose","Content-Type":"application/json;odata=verbose"},"parameters/body":"{\n'__metadata' : {'type':'SP.FieldDateTime'},\n'FieldTypeKind': 4,\n'Title': 'Ngày nộp giáo án',\n'DisplayFormat': 1\n}\n"},"authentication":{"value":"@json(decodeBase64(triggerOutputs().headers['X-MS-APIM-Tokens']))['$ConnectionKey']","type":"Raw"}}},"Add_Teams_Ngày_nộp_giáo_án_to_Default_View":{"runAfter":{"Teams_:_Ngày_nộp_giáo_án":["Succeeded"]},"metadata":{"operationMetadataId":"2a97ad15-2da2-43a7-8d5a-0bb5f2632016"},"type":"OpenApiConnection","inputs":{"host":{"apiId":"/providers/Microsoft.PowerApps/apis/shared_sharepointonline","connectionName":"shared_sharepointonline","operationId":"HttpRequest"},"parameters":{"dataset":"@variables('varSharePointSite')","parameters/method":"POST","parameters/uri":"_api/web/lists/GetByTitle('Tổ chuyên môn @{variables('tcm1')}')/views/getbytitle('All Items')/ViewFields/AddViewField('Ngày nộp giáo án')","parameters/headers":{"Accept":"application/json;odata=verbose","Content-Type":"application/json;odata=verbose"}},"authentication":{"value":"@json(decodeBase64(triggerOutputs().headers['X-MS-APIM-Tokens']))['$ConnectionKey']","type":"Raw"}}},"Teams_:_Cập_nhật_thông_tin":{"runAfter":{"Add_Teams_Ngày_nộp_giáo_án_to_Default_View":["Succeeded"]},"metadata":{"operationMetadataId":"7d5a12bd-b5aa-42bf-9e5a-7b596498bbce"},"type":"OpenApiConnection","inputs":{"host":{"apiId":"/providers/Microsoft.PowerApps/apis/shared_sharepointonline","connectionName":"shared_sharepointonline","operationId":"HttpRequest"},"parameters":{"dataset":"@variables('varSharePointSite')","parameters/method":"POST","parameters/uri":"_api/lists/getbytitle('Tổ chuyên môn @{variables('tcm1')}')/fields","parameters/headers":{"Accept":"application/json;odata=verbose","Content-Type":"application/json;odata=verbose"},"parameters/body":"{\n'__metadata' : {'type':'SP.Field'},\n'FieldTypeKind': 8,\n'Title': 'Cập nhật thông tin',\n'Required': 'false',\n'EnforceUniqueValues': 'false',\n'DefaultValue': '0'\n}"},"authentication":{"value":"@json(decodeBase64(triggerOutputs().headers['X-MS-APIM-Tokens']))['$ConnectionKey']","type":"Raw"}}},"Add_Teams_Cập_nhật_thông_tin_to_Default_View":{"runAfter":{"Teams_:_Cập_nhật_thông_tin":["Succeeded"]},"metadata":{"operationMetadataId":"19e9c0e0-96f1-4a41-9686-a217d039d2c9"},"type":"OpenApiConnection","inputs":{"host":{"apiId":"/providers/Microsoft.PowerApps/apis/shared_sharepointonline","connectionName":"shared_sharepointonline","operationId":"HttpRequest"},"parameters":{"dataset":"@variables('varSharePointSite')","parameters/method":"POST","parameters/uri":"_api/web/lists/GetByTitle('Tổ chuyên môn @{variables('tcm1')}')/views/getbytitle('All Items')/ViewFields/AddViewField('Cập nhật thông tin')","parameters/headers":{"Accept":"application/json;odata=verbose","Content-Type":"application/json;odata=verbose"}},"authentication":{"value":"@json(decodeBase64(triggerOutputs().headers['X-MS-APIM-Tokens']))['$ConnectionKey']","type":"Raw"}}},"Teams_:_đã_tổng_hợp":{"runAfter":{"Add_Teams_Cập_nhật_thông_tin_to_Default_View":["Succeeded"]},"metadata":{"operationMetadataId":"0295ecbb-c18a-467f-bfba-da65505fc913"},"type":"OpenApiConnection","inputs":{"host":{"apiId":"/providers/Microsoft.PowerApps/apis/shared_sharepointonline","connectionName":"shared_sharepointonline","operationId":"HttpRequest"},"parameters":{"dataset":"@variables('varSharePointSite')","parameters/method":"POST","parameters/uri":"_api/lists/getbytitle('Tổ chuyên môn @{variables('tcm1')}')/fields","parameters/headers":{"Accept":"application/json;odata=verbose","Content-Type":"application/json;odata=verbose"},"parameters/body":"{\n'__metadata' : {'type':'SP.Field'},\n'FieldTypeKind': 8,\n'Title': 'đã tổng hợp',\n'Required': 'false',\n'EnforceUniqueValues': 'false',\n'DefaultValue': '0'\n}"},"authentication":{"value":"@json(decodeBase64(triggerOutputs().headers['X-MS-APIM-Tokens']))['$ConnectionKey']","type":"Raw"}}},"Add_Teams_đã_tổng_hợp_to_Default_View":{"runAfter":{"Teams_:_đã_tổng_hợp":["Succeeded"]},"metadata":{"operationMetadataId":"373fec8a-ebd0-4826-a667-47a3aa180aab"},"type":"OpenApiConnection","inputs":{"host":{"apiId":"/providers/Microsoft.PowerApps/apis/shared_sharepointonline","connectionName":"shared_sharepointonline","operationId":"HttpRequest"},"parameters":{"dataset":"@variables('varSharePointSite')","parameters/method":"POST","parameters/uri":"_api/web/lists/GetByTitle('Tổ chuyên môn @{variables('tcm1')}')/views/getbytitle('All Items')/ViewFields/AddViewField('đã tổng hợp')","parameters/headers":{"Accept":"application/json;odata=verbose","Content-Type":"application/json;odata=verbose"}},"authentication":{"value":"@json(decodeBase64(triggerOutputs().headers['X-MS-APIM-Tokens']))['$ConnectionKey']","type":"Raw"}}},"Teams_:_Người_phê_duyệt":{"runAfter":{"Add_Teams_đã_tổng_hợp_to_Default_View":["Succeeded"]},"metadata":{"operationMetadataId":"5fa44592-6978-4fe9-a4ec-0d5c09759048"},"type":"OpenApiConnection","inputs":{"host":{"apiId":"/providers/Microsoft.PowerApps/apis/shared_sharepointonline","connectionName":"shared_sharepointonline","operationId":"HttpRequest"},"parameters":{"dataset":"@variables('varSharePointSite')","parameters/method":"POST","parameters/uri":"_api/lists/getbytitle('Tổ chuyên môn @{variables('tcm1')}')/fields","parameters/headers":{"Accept":"application/json;odata=verbose","Content-Type":"application/json;odata=verbose"},"parameters/body":"{\n    '__metadata': {'type':'SP.FieldText'},\n    'FieldTypeKind': 2,\n     'Title': 'Người phê duyệt'\n}"},"authentication":{"value":"@json(decodeBase64(triggerOutputs().headers['X-MS-APIM-Tokens']))['$ConnectionKey']","type":"Raw"}}},"Add_Teams_Người_phê_duyệt_to_Default_View":{"runAfter":{"Teams_:_Người_phê_duyệt":["Succeeded"]},"metadata":{"operationMetadataId":"073c350e-5156-4d6c-ad57-c7a1e3e5e7bd"},"type":"OpenApiConnection","inputs":{"host":{"apiId":"/providers/Microsoft.PowerApps/apis/shared_sharepointonline","connectionName":"shared_sharepointonline","operationId":"HttpRequest"},"parameters":{"dataset":"@variables('varSharePointSite')","parameters/method":"POST","parameters/uri":"_api/web/lists/GetByTitle('Tổ chuyên môn @{variables('tcm1')}')/views/getbytitle('All Items')/ViewFields/AddViewField('Người phê duyệt')","parameters/headers":{"Accept":"application/json;odata=verbose","Content-Type":"application/json;odata=verbose"}},"authentication":{"value":"@json(decodeBase64(triggerOutputs().headers['X-MS-APIM-Tokens']))['$ConnectionKey']","type":"Raw"}}},"Teams_:_Ngày_phê_duyệt":{"runAfter":{"Add_Teams_Người_phê_duyệt_to_Default_View":["Succeeded"]},"metadata":{"operationMetadataId":"6f76fa27-4b67-465e-95b9-04ea5d39fdee"},"type":"OpenApiConnection","inputs":{"host":{"apiId":"/providers/Microsoft.PowerApps/apis/shared_sharepointonline","connectionName":"shared_sharepointonline","operationId":"HttpRequest"},"parameters":{"dataset":"@variables('varSharePointSite')","parameters/method":"POST","parameters/uri":"_api/lists/getbytitle('Tổ chuyên môn @{variables('tcm1')}')/fields","parameters/headers":{"Accept":"application/json;odata=verbose","Content-Type":"application/json;odata=verbose"},"parameters/body":"{\n'__metadata' : {'type':'SP.FieldDateTime'},\n'FieldTypeKind': 4,\n'Title': 'Ngày phê duyệt',\n'DisplayFormat': 1\n}"},"authentication":{"value":"@json(decodeBase64(triggerOutputs().headers['X-MS-APIM-Tokens']))['$ConnectionKey']","type":"Raw"}}},"Add_Teams_Ngày_phê_duyệt_to_Default_View":{"runAfter":{"Teams_:_Ngày_phê_duyệt":["Succeeded"]},"metadata":{"operationMetadataId":"7348e999-a623-4b0e-a401-f8d43c57cc70"},"type":"OpenApiConnection","inputs":{"host":{"apiId":"/providers/Microsoft.PowerApps/apis/shared_sharepointonline","connectionName":"shared_sharepointonline","operationId":"HttpRequest"},"parameters":{"dataset":"@variables('varSharePointSite')","parameters/method":"POST","parameters/uri":"_api/web/lists/GetByTitle('Tổ chuyên môn @{variables('tcm1')}')/views/getbytitle('All Items')/ViewFields/AddViewField('Ngày phê duyệt')","parameters/headers":{"Accept":"application/json;odata=verbose","Content-Type":"application/json;odata=verbose"}},"authentication":{"value":"@json(decodeBase64(triggerOutputs().headers['X-MS-APIM-Tokens']))['$ConnectionKey']","type":"Raw"}}},"Teams_:_Link_giáo_án":{"runAfter":{"Add_Teams_Ngày_phê_duyệt_to_Default_View":["Succeeded"]},"metadata":{"operationMetadataId":"9e8bbc21-9e6a-4705-91be-ec79dc88c76f"},"type":"OpenApiConnection","inputs":{"host":{"apiId":"/providers/Microsoft.PowerApps/apis/shared_sharepointonline","connectionName":"shared_sharepointonline","operationId":"HttpRequest"},"parameters":{"dataset":"@variables('varSharePointSite')","parameters/method":"POST","parameters/uri":"_api/lists/getbytitle('Tổ chuyên môn @{variables('tcm1')}')/fields","parameters/headers":{"Accept":"application/json;odata=verbose","Content-Type":"application/json;odata=verbose"},"parameters/body":"{\n'__metadata' : {'type':'SP.FieldUrl'},\n'FieldTypeKind': 11,\n'Title': 'Link giáo án',\n'DisplayFormat': 0\n}"},"authentication":{"value":"@json(decodeBase64(triggerOutputs().headers['X-MS-APIM-Tokens']))['$ConnectionKey']","type":"Raw"}}},"Add_Teams_Link_giáo_án_to_Default_View":{"runAfter":{"Teams_:_Link_giáo_án":["Succeeded"]},"metadata":{"operationMetadataId":"b01d63bb-fc5a-4630-bdd0-2c3c959afda1"},"type":"OpenApiConnection","inputs":{"host":{"apiId":"/providers/Microsoft.PowerApps/apis/shared_sharepointonline","connectionName":"shared_sharepointonline","operationId":"HttpRequest"},"parameters":{"dataset":"@variables('varSharePointSite')","parameters/method":"POST","parameters/uri":"_api/web/lists/GetByTitle('Tổ chuyên môn @{variables('tcm1')}')/views/getbytitle('All Items')/ViewFields/AddViewField('Link giáo án')","parameters/headers":{"Accept":"application/json;odata=verbose","Content-Type":"application/json;odata=verbose"}},"authentication":{"value":"@json(decodeBase64(triggerOutputs().headers['X-MS-APIM-Tokens']))['$ConnectionKey']","type":"Raw"}}},"Send_an_HTTP_request_to_SharePoint_to_remove_Title_column_2":{"runAfter":{"Send_an_HTTP_request_to_SharePoint_Teams":["Succeeded"]},"metadata":{"operationMetadataId":"444ce333-6acf-4eec-815a-5336b52ddcf7"},"type":"OpenApiConnection","inputs":{"host":{"apiId":"/providers/Microsoft.PowerApps/apis/shared_sharepointonline","connectionName":"shared_sharepointonline","operationId":"HttpRequest"},"parameters":{"dataset":"@variables('varSharePointSite')","parameters/method":"POST","parameters/uri":"_api/web/lists/getByTitle('Tổ chuyên môn @{variables('tcm1')}')/fields/getbytitle('Title')","parameters/headers":{"Accept":"application/json;odata=verbose","Content-Type":"application/json;odata=verbose","X-HTTP-Method":"MERGE","IF-MATCH":"*"},"parameters/body":"{\n    '__metadata': {'type':'SP.FieldText'},\n    'FieldTypeKind': 2,\n     'Title': 'Title',\n     'Hidden': 'True'\n}"},"authentication":{"value":"@json(decodeBase64(triggerOutputs().headers['X-MS-APIM-Tokens']))['$ConnectionKey']","type":"Raw"}}}},"runAfter":{},"metadata":{"operationMetadataId":"90917a72-a090-4e0d-99d2-bb59f5f5fa97"},"type":"Scope"}},"runAfter":{"Scope_-_Tổng_hợp_giáo_án":["Succeeded"]},"expression":{"or":[{"not":{"equals":["@variables('tcm1')",""]}},{"not":{"equals":["@variables('tcm1')","@null"]}}]},"metadata":{"operationMetadataId":"424e7d2b-3f8b-48b2-a78b-db1d5df37fde"},"type":"If"},"Create_new_folder_-_Giáo_án_đã_duyệt":{"runAfter":{"Create_new_folder_-_Giáo_án_cần_duyệt":["Succeeded"]},"metadata":{"operationMetadataId":"9bf27979-12a2-4240-8cc6-80439b570543"},"type":"OpenApiConnection","inputs":{"host":{"apiId":"/providers/Microsoft.PowerApps/apis/shared_sharepointonline","connectionName":"shared_sharepointonline","operationId":"CreateNewFolder"},"parameters":{"dataset":"@variables('varSharePointSite')","table":"Documents","parameters/path":"Giáo án đã duyệt"},"authentication":{"value":"@json(decodeBase64(triggerOutputs().headers['X-MS-APIM-Tokens']))['$ConnectionKey']","type":"Raw"}}},"Create_new_folder_-_Giáo_án_cần_duyệt":{"runAfter":{"Variable_-_Tổ_chuyên_môn":["Succeeded"]},"metadata":{"operationMetadataId":"3a5e2f80-5a10-43eb-be7f-b35cd027521c"},"type":"OpenApiConnection","inputs":{"host":{"apiId":"/providers/Microsoft.PowerApps/apis/shared_sharepointonline","connectionName":"shared_sharepointonline","operationId":"CreateNewFolder"},"parameters":{"dataset":"@variables('varSharePointSite')","table":"Documents","parameters/path":"Giáo án cần duyệt"},"authentication":{"value":"@json(decodeBase64(triggerOutputs().headers['X-MS-APIM-Tokens']))['$ConnectionKey']","type":"Raw"}}}}},"connectionReferences":{"shared_sharepointonline":{"connectionName":"shared-sharepointonl-2a1bb786-4516-4eea-aea2-5c7b-8d9c13d7","source":"Invoker","id":"/providers/Microsoft.PowerApps/apis/shared_sharepointonline","tier":"NotSpecified"}},"flowFailureAlertSubscribed":false}}